Público Base: Universo,,,,,,,,,,,,,,,,,,,,,,
Público Objetivo: Universo,,,,,,,,,,,,,,,,,,,,,,
,,,,,,,,,,,,,,,,,,,,,,
Total,Total,,,,,,,,,,,,,,,,,,,,,
,,,,,,,,,,,,,,,,,,,,,,
,,,,"EGM Colombia , 1ª ola de 2011","EGM Colombia , 2ª ola de 2011","EGM Colombia , 3ª ola de 2011","EGM Colombia , 1ª ola de 2012","EGM Colombia , 2ª ola de 2012","EGM Colombia , 3ª ola de 2012","EGM Colombia , 2ª ola de 2013","EGM Colombia , 3ª ola de 2013","EGM Colombia , 1ª ola de 2014","EGM Colombia , 2ª ola de 2014","EGM Colombia , 3ª ola de 2014","EGM Colombia , 1ª ola de 2015","EGM Colombia , 2ª ola de 2015","EGM Colombia , 3ª ola de 2015","EGM Colombia , 1ª ola de 2016","EGM Colombia , 2ª ola de 2016","EGM Colombia , 3ª ola de 2016","EGM Colombia , 1ª ola de 2017","EGM Colombia , 2ª ola de 2017"
CIUDAD,Bogotá,Total,,7577,9253,9289,6636,6929,8337,6455,6519,6258,6130,6704,7915,6686,6752,7595,9226,7818,8199,9495
,,AUDIENCIA DE DIARIOS ÚLTIMO PERÍODO,El Tiempo,456,884,957,638,232,195,324,329,878,638,267,608,511,650,657,685,433,932,703
,,,El Espectador,798,622,666,972,473,462,279,100,205,105,971,163,424,462,338,634,911,910,719
,,AUDIENCIA ÚLTIMO PERÍODO DE REVISTAS SEMANALES,Revista Semana,413,929,991,104,429,761,159,320,106,764,994,291,247,869,735,499,756,506,522
,,AUDIENCIA ÚLTIMO PERÍODO DE REVISTAS QUINCENALES,TV y Novelas,755,355,218,419,913,710,346,838,101,440,124,659,210,661,976,270,323,845,583
,,,Cromos,225,779,941,799,181,870,440,916,832,228,457,780,811,111,665,955,908,553,142
,,,Caras,853,120,673,298,849,855,234,412,225,632,717,454,831,660,327,911,630,261,724
,,,Jet Set,583,448,234,735,107,964,470,133,663,158,227,832,714,328,259,105,151,255,491
,,,Vea,917,377,967,658,262,635,865,583,397,765,189,493,145,578,602,834,992,571,765
,,AUDIENCIA ÚLTIMO PERÍODO DE REVISTAS MENSUALES,15 Minutos,333,883,306,231,293,218,669,377,604,272,202,480,140,521,589,514,346,334,816
,,,Fucsia,450,774,887,110,359,418,130,435,539,840,394,982,718,610,478,881,428,726,788
,,AUDIENCIA ÚLTIMO PERÍODO DE REVISTAS DE PRENSA BIMESTRALES,Autos,503,535,808,245,892,527,820,846,262,169,579,218,497,356,193,979,866,337,861
,,,Mi Bebe,220,939,420,210,191,238,413,423,629,123,709,732,678,462,794,923,668,890,857
,,,Gastronomia,876,832,236,317,872,583,392,595,524,708,536,935,162,335,609,354,241,609,618
,,AUDIENCIA ÚLTIMO PERÍODO DE REVISTAS DE PRENSA TRIMESTRALES,Buen Viaje,195,776,985,900,876,901,914,212,293,288,338,288,598,149,373,682,165,470,906
,Barranquilla,Total,,7691,6779,6046,7419,7591,9045,8545,7671,7341,7794,7375,7767,7111,7186,9561,8502,9236,8116,6729
,,AUDIENCIA DE DIARIOS ÚLTIMO PERÍODO,El Tiempo,624,590,592,495,813,837,578,439,152,902,215,350,254,298,896,877,621,860,310
,,,El Espectador,398,437,528,329,589,156,347,411,832,663,109,688,270,465,860,650,655,401,183
,,AUDIENCIA ÚLTIMO PERÍODO DE REVISTAS SEMANALES,Revista Semana,528,443,712,385,190,390,624,661,443,550,589,864,802,392,140,987,766,441,469
,,AUDIENCIA ÚLTIMO PERÍODO DE REVISTAS QUINCENALES,TV y Novelas,750,482,321,914,921,883,774,284,130,293,672,982,300,288,302,477,663,446,494
,,,Cromos,895,506,529,786,962,908,799,951,509,752,690,683,452,378,884,902,665,961,209
,,,Caras,949,112,973,100,688,767,628,657,426,552,657,455,592,959,359,349,428,397,586
,,,Jet Set,484,680,164,215,199,690,548,289,739,794,258,346,448,766,536,789,796,710,777
,,,Vea,680,129,305,353,557,212,668,551,938,794,819,268,209,411,731,417,466,949,851
,,AUDIENCIA ÚLTIMO PERÍODO DE REVISTAS MENSUALES,15 Minutos,115,378,674,405,321,492,667,634,671,374,479,612,855,537,974,281,616,845,430
,,,Fucsia,364,625,220,175,496,869,994,710,341,101,247,563,391,901,668,816,735,620,598
,,AUDIENCIA ÚLTIMO PERÍODO DE REVISTAS DE PRENSA BIMESTRALES,Autos,188,884,127,740,457,873,336,866,821,181,650,527,841,457,603,560,292,753,492
,,,Mi Bebe,854,450,599,903,539,386,427,314,359,927,783,571,784,824,791,918,651,162,879
,,,Gastronomia,202,740,123,622,194,639,991,742,674,119,974,520,621,365,882,243,915,204,143
,,AUDIENCIA ÚLTIMO PERÍODO DE REVISTAS DE PRENSA TRIMESTRALES,Buen Viaje,660,323,179,997,665,943,164,162,306,792,233,338,292,145,935,236,967,367,308
,Cartagena,Total,,7915,8005,8237,5943,8031,6505,7822,8687,7324,7398,9993,6844,7937,8334,9387,6876,7634,8005,7847
,,AUDIENCIA DE DIARIOS ÚLTIMO PERÍODO,El Tiempo,157,342,424,244,973,578,110,716,489,765,557,240,572,842,405,257,492,865,589
,,,El Espectador,152,325,827,687,522,210,330,213,117,147,942,270,429,1000,305,191,114,346,365
,,AUDIENCIA ÚLTIMO PERÍODO DE REVISTAS SEMANALES,Revista Semana,284,717,971,698,446,341,451,715,786,838,168,269,916,734,380,212,770,542,631
,,AUDIENCIA ÚLTIMO PERÍODO DE REVISTAS QUINCENALES,TV y Novelas,961,829,605,459,994,435,293,648,547,976,562,699,561,477,847,158,369,737,236
,,,Cromos,869,730,670,452,401,112,158,455,548,293,666,606,286,366,619,350,582,650,359
,,,Caras,748,925,989,203,261,930,294,583,705,156,843,759,544,867,787,489,437,509,705
,,,Jet Set,215,532,546,192,718,823,520,585,490,394,972,503,610,683,999,900,875,519,349
,,,Vea,762,412,348,758,885,159,834,662,780,343,482,750,447,386,289,458,640,665,447
,,AUDIENCIA ÚLTIMO PERÍODO DE REVISTAS MENSUALES,15 Minutos,768,600,123,197,312,723,967,250,506,929,586,436,281,811,737,706,710,810,947
,,,Fucsia,381,230,624,868,147,462,865,944,647,670,730,573,395,971,994,928,500,488,395
,,AUDIENCIA ÚLTIMO PERÍODO DE REVISTAS DE PRENSA BIMESTRALES,Autos,482,930,109,190,785,783,913,489,449,884,753,216,141,326,665,694,496,799,813
,,,Mi Bebe,832,250,748,361,805,353,446,723,671,357,854,294,858,392,926,406,586,383,721
,,,Gastronomia,769,726,371,278,311,373,964,904,144,136,954,844,897,105,666,986,209,151,410
,,AUDIENCIA ÚLTIMO PERÍODO DE REVISTAS DE PRENSA TRIMESTRALES,Buen Viaje,535,457,882,356,471,223,677,800,445,510,924,385,1000,374,768,141,854,541,880
,Medellín,Total,,8248,8175,8292,7009,8175,7361,5939,7321,5728,7737,7141,7856,7131,7273,7608,8774,6756,6873,8012
,,AUDIENCIA DE DIARIOS ÚLTIMO PERÍODO,El Tiempo,996,558,118,294,298,356,802,651,579,531,262,769,776,743,908,476,952,303,303
,,,El Espectador,356,195,184,285,912,121,959,503,591,817,495,802,947,439,903,673,506,302,779
,,AUDIENCIA ÚLTIMO PERÍODO DE REVISTAS SEMANALES,Revista Semana,936,905,523,656,931,456,503,391,537,548,318,590,181,866,462,409,208,213,256
,,AUDIENCIA ÚLTIMO PERÍODO DE REVISTAS QUINCENALES,TV y Novelas,566,626,989,536,590,687,518,209,301,421,840,276,812,166,110,471,508,280,946
,,,Cromos,408,187,966,409,714,149,193,736,701,513,363,336,747,144,990,215,745,141,557
,,,Caras,461,607,338,253,151,625,602,130,183,407,525,316,188,275,219,941,302,268,841
,,,Jet Set,369,147,873,852,172,595,109,514,169,836,357,524,828,744,577,533,185,533,416
,,,Vea,371,316,322,436,273,914,211,560,765,730,488,767,133,805,796,964,228,826,784
,,AUDIENCIA ÚLTIMO PERÍODO DE REVISTAS MENSUALES,15 Minutos,233,673,461,253,697,512,329,390,212,920,305,971,260,276,230,827,385,860,255
,,,Fucsia,914,715,931,562,238,841,157,971,290,111,104,797,281,282,118,819,534,511,575
,,AUDIENCIA ÚLTIMO PERÍODO DE REVISTAS DE PRENSA BIMESTRALES,Autos,322,667,836,272,445,947,632,452,330,411,578,559,222,852,424,919,186,856,266
,,,Mi Bebe,686,883,606,954,933,391,653,759,433,574,970,280,147,648,623,312,560,797,395
,,,Gastronomia,975,957,694,747,870,411,142,364,279,739,922,314,883,636,374,810,757,714,816
,,AUDIENCIA ÚLTIMO PERÍODO DE REVISTAS DE PRENSA TRIMESTRALES,Buen Viaje,655,739,451,500,951,356,129,691,358,179,614,555,726,397,874,405,700,269,823
,Pereira,Total,,6768,7710,7191,8443,7258,6703,9400,8318,7485,7864,7588,8671,7983,6789,7378,7617,8913,8862,9465
,,AUDIENCIA DE DIARIOS ÚLTIMO PERÍODO,El Tiempo,565,253,511,590,925,449,812,454,977,285,179,522,966,135,193,199,273,581,970
,,,El Espectador,972,326,567,748,230,791,808,677,735,586,596,987,917,528,248,146,673,123,677
,,AUDIENCIA ÚLTIMO PERÍODO DE REVISTAS SEMANALES,Revista Semana,354,653,536,280,395,658,731,158,483,811,193,910,534,116,562,749,904,642,600
,,AUDIENCIA ÚLTIMO PERÍODO DE REVISTAS QUINCENALES,TV y Novelas,559,357,377,785,810,597,449,415,572,790,109,155,500,904,681,511,892,878,747
,,,Cromos,255,667,996,570,393,201,246,729,170,950,662,783,624,223,785,100,669,782,985
,,,Caras,546,302,332,595,896,740,652,958,597,503,693,780,763,237,321,270,480,268,370
,,,Jet Set,965,841,142,990,773,407,508,420,749,379,446,365,157,987,422,888,420,820,733
,,,Vea,110,787,561,924,316,208,596,101,167,560,139,633,474,703,449,247,728,667,899
,,AUDIENCIA ÚLTIMO PERÍODO DE REVISTAS MENSUALES,15 Minutos,240,906,948,355,690,435,942,953,924,507,956,857,688,674,203,814,499,915,221
,,,Fucsia,291,408,900,854,548,102,776,856,369,343,592,360,166,501,708,800,942,135,929
,,AUDIENCIA ÚLTIMO PERÍODO DE REVISTAS DE PRENSA BIMESTRALES,Autos,184,854,400,253,328,888,834,494,222,319,785,208,285,632,826,537,702,960,687
,,,Mi Bebe,522,386,176,408,108,668,615,750,375,922,930,755,423,458,319,853,859,461,812
,,,Gastronomia,669,684,505,733,177,148,883,952,215,520,853,907,884,471,746,655,310,763,142
,,AUDIENCIA ÚLTIMO PERÍODO DE REVISTAS DE PRENSA TRIMESTRALES,Buen Viaje,536,286,240,358,669,411,548,401,930,389,455,449,602,220,915,848,562,867,693
,Manizales,Total,,9629,6335,6922,9249,8848,6599,7030,8069,9495,6767,8297,9911,8290,6497,7263,7342,7939,7254,9298
,,AUDIENCIA DE DIARIOS ÚLTIMO PERÍODO,El Tiempo,122,128,167,326,257,535,199,574,823,263,398,521,442,600,268,765,102,442,940
,,,El Espectador,734,468,736,815,874,495,986,318,867,288,839,950,498,107,471,354,735,687,626
,,AUDIENCIA ÚLTIMO PERÍODO DE REVISTAS SEMANALES,Revista Semana,984,389,757,715,364,176,658,877,778,788,374,938,818,276,118,878,574,941,539
,,AUDIENCIA ÚLTIMO PERÍODO DE REVISTAS QUINCENALES,TV y Novelas,983,475,707,437,656,379,239,794,371,290,932,838,771,157,894,178,787,288,998
,,,Cromos,803,811,329,683,339,882,419,461,413,220,554,548,378,558,279,127,928,416,974
,,,Caras,929,250,300,975,909,229,392,198,965,666,973,932,591,946,375,319,240,367,612
,,,Jet Set,991,256,355,691,138,665,791,195,416,485,937,140,808,648,899,844,109,405,598
,,,Vea,541,234,327,845,995,331,396,905,664,360,382,943,780,368,397,876,734,165,316
,,AUDIENCIA ÚLTIMO PERÍODO DE REVISTAS MENSUALES,15 Minutos,469,521,187,797,605,181,896,932,841,565,723,740,196,758,443,438,127,858,542
,,,Fucsia,517,625,690,276,948,452,315,529,833,408,264,902,870,132,883,887,984,873,928
,,AUDIENCIA ÚLTIMO PERÍODO DE REVISTAS DE PRENSA BIMESTRALES,Autos,262,351,109,706,237,890,301,345,973,987,535,356,501,591,437,411,986,930,501
,,,Mi Bebe,742,673,576,936,919,232,237,498,341,676,245,882,883,897,603,168,252,259,795
,,,Gastronomia,831,231,866,708,985,798,299,752,276,380,187,884,502,207,759,630,683,312,613
,,AUDIENCIA ÚLTIMO PERÍODO DE REVISTAS DE PRENSA TRIMESTRALES,Buen Viaje,721,923,816,339,622,354,902,691,934,391,954,337,252,252,437,467,698,311,316
,Cali,Total,,8909,8691,9579,7715,8715,7944,7976,6151,7958,7966,8013,7236,7251,7245,8579,7712,7051,7102,8401
,,AUDIENCIA DE DIARIOS ÚLTIMO PERÍODO,El Tiempo,847,777,733,254,930,661,661,390,406,452,823,271,632,996,986,653,447,774,924
,,,El Espectador,629,690,667,814,800,470,309,637,926,257,636,705,825,182,899,139,816,884,539
,,AUDIENCIA ÚLTIMO PERÍODO DE REVISTAS SEMANALES,Revista Semana,323,350,382,409,863,776,612,500,930,738,535,177,217,709,641,918,177,466,380
,,AUDIENCIA ÚLTIMO PERÍODO DE REVISTAS QUINCENALES,TV y Novelas,487,344,888,581,325,662,249,137,241,893,737,941,358,592,264,326,169,866,337
,,,Cromos,949,785,885,534,795,918,873,115,809,157,600,198,814,993,914,213,615,263,704
,,,Caras,551,634,966,617,534,427,981,458,387,717,915,699,197,155,529,689,169,649,466
,,,Jet Set,542,954,871,993,291,202,845,889,598,955,377,673,241,203,475,720,624,155,728
,,,Vea,441,149,841,934,337,452,417,201,176,627,350,613,166,702,143,763,652,343,627
,,AUDIENCIA ÚLTIMO PERÍODO DE REVISTAS MENSUALES,15 Minutos,801,141,452,269,573,112,762,439,139,487,678,165,762,350,906,629,759,557,491
,,,Fucsia,410,812,594,397,425,813,635,279,681,189,215,888,603,373,817,540,592,259,960
,,AUDIENCIA ÚLTIMO PERÍODO DE REVISTAS DE PRENSA BIMESTRALES,Autos,950,782,570,382,996,651,292,450,968,776,326,133,743,160,306,294,966,878,676
,,,Mi Bebe,636,527,711,917,747,821,666,898,130,888,147,610,691,429,614,671,207,108,125
,,,Gastronomia,726,826,166,246,720,821,430,175,936,644,914,190,733,913,932,744,254,154,915
,,AUDIENCIA ÚLTIMO PERÍODO DE REVISTAS DE PRENSA TRIMESTRALES,Buen Viaje,617,920,853,368,379,158,244,583,631,186,760,973,269,488,153,413,604,746,529
,Ibagué,Total,,8934,6004,7125,6992,8499,7056,9576,7585,9181,6135,7968,7683,6068,5926,7567,7032,7682,6504,8127
,,AUDIENCIA DE DIARIOS ÚLTIMO PERÍODO,El Tiempo,901,238,481,445,485,443,855,517,603,186,766,737,966,434,114,884,845,129,821
,,,El Espectador,611,951,561,281,633,144,259,940,944,535,199,732,580,547,493,869,314,452,690
,,AUDIENCIA ÚLTIMO PERÍODO DE REVISTAS SEMANALES,Revista Semana,688,361,106,298,857,422,985,930,345,561,342,280,122,554,219,206,849,960,744
,,AUDIENCIA ÚLTIMO PERÍODO DE REVISTAS QUINCENALES,TV y Novelas,841,595,817,964,583,613,529,103,457,145,737,306,779,791,683,256,201,867,792
,,,Cromos,497,330,621,722,805,514,336,514,999,298,870,364,158,112,363,672,706,212,377
,,,Caras,529,413,731,431,529,238,496,902,894,471,599,529,515,468,688,119,485,522,177
,,,Jet Set,814,563,608,625,799,236,634,636,529,603,922,773,501,152,645,541,571,293,647
,,,Vea,912,121,771,508,759,651,678,701,912,310,146,741,457,596,876,435,916,305,424
,,AUDIENCIA ÚLTIMO PERÍODO DE REVISTAS MENSUALES,15 Minutos,595,613,723,629,174,500,398,230,998,660,785,246,252,199,249,123,196,273,171
,,,Fucsia,676,608,202,168,808,735,922,358,330,145,177,158,243,818,866,791,900,252,757
,,AUDIENCIA ÚLTIMO PERÍODO DE REVISTAS DE PRENSA BIMESTRALES,Autos,859,484,522,185,594,820,918,231,733,136,742,835,152,488,348,493,306,741,344
,,,Mi Bebe,313,221,388,242,356,508,930,497,718,920,642,700,311,365,599,461,475,271,959
,,,Gastronomia,419,275,401,603,564,485,725,825,616,205,609,930,836,105,764,782,752,595,394
,,AUDIENCIA ÚLTIMO PERÍODO DE REVISTAS DE PRENSA TRIMESTRALES,Buen Viaje,279,231,193,891,553,747,911,201,103,960,432,352,196,297,660,400,166,632,830
,Bucaramanga,Total,,8429,7858,7783,7468,7768,9121,8143,6879,9548,9012,7424,8029,6918,7967,8131,7987,7526,8646,7984
,,AUDIENCIA DE DIARIOS ÚLTIMO PERÍODO,El Tiempo,210,963,847,643,612,951,206,578,125,627,461,528,591,979,817,377,679,292,756
,,,El Espectador,988,821,167,800,802,507,666,424,696,875,156,376,649,188,632,195,339,992,718
,,AUDIENCIA ÚLTIMO PERÍODO DE REVISTAS SEMANALES,Revista Semana,856,345,117,659,638,865,691,977,851,916,530,121,133,376,136,964,861,285,443
,,AUDIENCIA ÚLTIMO PERÍODO DE REVISTAS QUINCENALES,TV y Novelas,858,900,276,701,281,307,957,826,908,477,836,256,998,150,424,895,888,529,582
,,,Cromos,851,685,703,415,144,432,269,684,834,677,205,587,342,330,726,239,744,817,201
,,,Caras,767,170,929,230,793,431,287,127,780,263,289,498,548,952,396,123,452,992,110
,,,Jet Set,431,110,504,681,101,992,879,232,744,850,977,968,961,757,533,479,645,942,774
,,,Vea,608,456,735,337,535,444,350,129,839,752,206,163,408,650,545,484,390,400,300
,,AUDIENCIA ÚLTIMO PERÍODO DE REVISTAS MENSUALES,15 Minutos,956,521,257,496,659,600,772,148,743,296,924,712,259,219,658,742,638,208,820
,,,Fucsia,294,769,958,261,276,693,974,769,140,707,776,909,304,836,876,637,352,625,808
,,AUDIENCIA ÚLTIMO PERÍODO DE REVISTAS DE PRENSA BIMESTRALES,Autos,631,200,219,536,797,652,853,825,604,293,168,653,343,864,784,662,937,186,605
,,,Mi Bebe,291,463,989,167,471,959,252,353,854,758,342,720,745,530,788,674,274,573,865
,,,Gastronomia,342,777,425,633,755,491,274,317,973,978,658,847,224,927,674,516,207,807,898
,,AUDIENCIA ÚLTIMO PERÍODO DE REVISTAS DE PRENSA TRIMESTRALES,Buen Viaje,346,678,657,909,904,797,713,490,457,543,896,691,413,209,142,1000,120,998,104
,Neiva,Total,,8969,9903,7612,7540,7675,6783,8449,6577,7988,7081,8703,6796,8265,8669,8481,4872,7984,6628,7517
,,AUDIENCIA DE DIARIOS ÚLTIMO PERÍODO,El Tiempo,589,246,728,455,453,476,983,216,560,384,377,971,139,875,600,418,343,267,171
,,,El Espectador,795,878,351,410,594,210,772,217,273,750,930,592,877,627,270,187,461,439,107
,,AUDIENCIA ÚLTIMO PERÍODO DE REVISTAS SEMANALES,Revista Semana,608,715,116,405,952,106,295,778,831,306,611,472,585,726,820,219,787,134,959
,,AUDIENCIA ÚLTIMO PERÍODO DE REVISTAS QUINCENALES,TV y Novelas,273,980,280,719,524,841,271,175,827,540,541,277,871,558,926,138,530,953,960
,,,Cromos,326,799,375,519,442,253,715,338,126,652,194,332,549,667,852,124,383,441,798
,,,Caras,876,277,321,859,693,569,758,227,603,370,732,623,735,658,826,171,937,877,858
,,,Jet Set,950,461,815,180,254,314,725,539,290,378,913,462,625,198,380,311,625,465,552
,,,Vea,397,991,906,945,889,885,438,171,491,911,840,565,822,936,556,528,293,113,358
,,AUDIENCIA ÚLTIMO PERÍODO DE REVISTAS MENSUALES,15 Minutos,379,569,555,257,143,846,489,804,844,919,654,119,509,577,831,364,659,148,874
,,,Fucsia,664,967,371,630,859,504,491,603,816,862,794,740,133,523,807,527,715,703,207
,,AUDIENCIA ÚLTIMO PERÍODO DE REVISTAS DE PRENSA BIMESTRALES,Autos,498,946,799,112,296,429,804,833,814,105,566,622,639,679,250,102,476,751,474
,,,Mi Bebe,856,841,917,891,702,172,873,931,562,182,541,707,276,639,587,427,494,450,382
,,,Gastronomia,810,262,674,865,712,437,216,587,668,421,568,169,678,650,146,945,364,738,298
,,AUDIENCIA ÚLTIMO PERÍODO DE REVISTAS DE PRENSA TRIMESTRALES,Buen Viaje,948,971,404,293,162,741,619,158,283,301,442,145,827,356,630,411,917,149,519
,Cúcuta,Total,,7706,7751,7691,6896,8331,7459,8128,8438,7510,7455,10143,5305,8487,5860,7917,7843,7515,8161,9696
,,AUDIENCIA DE DIARIOS ÚLTIMO PERÍODO,El Tiempo,679,747,351,745,431,283,480,326,964,773,394,229,617,323,487,863,561,142,779
,,,El Espectador,794,477,106,916,833,1000,273,818,320,564,704,713,957,626,451,162,891,626,404
,,AUDIENCIA ÚLTIMO PERÍODO DE REVISTAS SEMANALES,Revista Semana,641,393,956,180,993,946,911,751,962,392,755,168,295,614,800,206,980,871,147
,,AUDIENCIA ÚLTIMO PERÍODO DE REVISTAS QUINCENALES,TV y Novelas,229,682,850,827,641,230,198,164,477,366,744,223,859,165,611,848,375,166,693
,,,Cromos,789,297,738,244,898,383,411,558,922,677,265,359,795,370,691,515,856,281,856
,,,Caras,138,801,553,145,729,910,311,425,719,928,981,152,267,474,853,750,191,626,702
,,,Jet Set,125,728,325,910,208,646,844,332,209,394,946,253,740,367,131,719,438,772,988
,,,Vea,498,755,427,444,390,326,526,965,994,954,634,490,438,278,698,415,581,944,414
,,AUDIENCIA ÚLTIMO PERÍODO DE REVISTAS MENSUALES,15 Minutos,452,576,749,633,716,322,472,823,478,764,757,620,487,151,769,829,185,440,877
,,,Fucsia,550,316,720,321,234,241,566,673,358,599,825,144,613,765,249,231,568,874,428
,,AUDIENCIA ÚLTIMO PERÍODO DE REVISTAS DE PRENSA BIMESTRALES,Autos,504,810,514,124,240,428,626,793,221,146,903,630,901,282,584,699,385,130,983
,,,Mi Bebe,970,778,377,408,563,623,863,851,199,460,870,505,938,359,816,639,253,901,733
,,,Gastronomia,990,287,443,681,866,621,686,730,348,134,545,266,180,725,211,589,413,771,971
,,AUDIENCIA ÚLTIMO PERÍODO DE REVISTAS DE PRENSA TRIMESTRALES,Buen Viaje,347,104,582,318,589,500,961,229,339,304,820,553,400,361,566,378,838,617,721
,Villavicencio,Total,,7076,7440,7295,8726,8362,6316,7103,7648,8587,7838,9398,7397,7637,6682,7122,6767,7215,7804,7395
,,AUDIENCIA DE DIARIOS ÚLTIMO PERÍODO,El Tiempo,808,405,362,752,146,450,793,141,209,970,203,365,595,561,526,780,219,720,245
,,,El Espectador,546,780,685,471,817,674,515,978,733,127,973,673,465,153,333,743,402,347,115
,,AUDIENCIA ÚLTIMO PERÍODO DE REVISTAS SEMANALES,Revista Semana,224,511,738,204,392,775,276,696,847,535,925,933,518,399,646,452,697,358,714
,,AUDIENCIA ÚLTIMO PERÍODO DE REVISTAS QUINCENALES,TV y Novelas,559,502,311,868,848,703,100,506,529,389,771,366,687,302,101,279,149,960,996
,,,Cromos,361,301,827,911,878,175,228,946,757,844,717,578,996,634,163,398,937,156,786
,,,Caras,624,501,148,371,938,976,631,598,256,836,166,129,133,364,268,331,946,647,247
,,,Jet Set,648,624,876,988,467,416,750,170,439,199,908,788,852,166,998,731,747,654,331
,,,Vea,550,153,368,576,711,232,757,497,880,634,950,937,266,260,335,480,274,476,874
,,AUDIENCIA ÚLTIMO PERÍODO DE REVISTAS MENSUALES,15 Minutos,672,582,134,259,422,331,854,666,466,946,630,553,776,900,423,477,826,873,181
,,,Fucsia,234,292,693,943,318,120,203,830,953,499,737,866,570,699,778,284,286,838,665
,,AUDIENCIA ÚLTIMO PERÍODO DE REVISTAS DE PRENSA BIMESTRALES,Autos,516,705,299,296,602,207,122,232,672,410,584,395,185,985,157,271,940,369,478
,,,Mi Bebe,493,479,486,412,910,206,499,156,515,410,962,318,127,363,778,770,152,416,155
,,,Gastronomia,142,843,785,930,809,929,472,704,638,144,626,135,917,482,822,474,463,630,716
,,AUDIENCIA ÚLTIMO PERÍODO DE REVISTAS DE PRENSA TRIMESTRALES,Buen Viaje,699,762,583,745,104,122,903,528,693,895,246,361,550,414,794,297,177,360,892
,Santa Marta,Total,,7857,6634,6861,7965,8206,7326,7589,8578,8804,8020,5640,7353,7156,5208,8032,11505,7650,6389,7322
,,AUDIENCIA DE DIARIOS ÚLTIMO PERÍODO,El Tiempo,281,686,161,577,220,674,856,763,946,746,660,484,195,324,249,750,413,950,958
,,,El Espectador,431,244,354,126,938,751,745,746,156,395,501,671,865,478,578,774,719,222,604
,,AUDIENCIA ÚLTIMO PERÍODO DE REVISTAS SEMANALES,Revista Semana,841,487,443,838,288,107,762,736,770,382,989,211,635,357,861,521,912,314,814
,,AUDIENCIA ÚLTIMO PERÍODO DE REVISTAS QUINCENALES,TV y Novelas,273,450,951,914,645,572,377,413,556,797,487,786,490,488,141,714,311,107,298
,,,Cromos,286,124,645,916,280,742,820,115,425,586,349,112,504,804,240,857,385,834,239
,,,Caras,457,493,669,722,905,719,625,967,515,429,165,369,732,954,774,991,444,515,674
,,,Jet Set,761,477,505,748,641,539,717,943,896,354,230,849,545,118,893,996,381,499,552
,,,Vea,781,695,148,618,815,106,784,722,604,901,283,624,393,206,997,569,771,357,146
,,AUDIENCIA ÚLTIMO PERÍODO DE REVISTAS MENSUALES,15 Minutos,320,821,253,660,576,175,269,833,793,641,165,333,664,234,762,927,539,130,333
,,,Fucsia,942,404,341,910,228,666,227,334,239,192,369,195,567,119,319,743,992,297,530
,,AUDIENCIA ÚLTIMO PERÍODO DE REVISTAS DE PRENSA BIMESTRALES,Autos,860,302,251,127,739,577,714,359,707,564,296,861,371,346,778,992,391,814,834
,,,Mi Bebe,529,321,826,341,362,229,223,568,979,195,301,400,183,397,333,993,288,340,980
,,,Gastronomia,955,431,774,199,883,478,176,206,600,883,569,887,232,223,841,914,878,824,219
,,AUDIENCIA ÚLTIMO PERÍODO DE REVISTAS DE PRENSA TRIMESTRALES,Buen Viaje,140,699,540,269,686,991,294,873,618,955,276,571,780,160,266,764,226,186,141
,Armenia,Total,,8354,9218,7495,7768,7253,7513,6689,8436,6639,6917,6913,8158,7959,8575,7151,7127,7840,7700,7653
,,AUDIENCIA DE DIARIOS ÚLTIMO PERÍODO,El Tiempo,946,308,367,862,140,507,969,222,435,202,468,740,643,586,336,207,131,447,776
,,,El Espectador,849,866,167,543,728,203,782,538,163,149,322,951,881,851,416,625,414,926,462
,,AUDIENCIA ÚLTIMO PERÍODO DE REVISTAS SEMANALES,Revista Semana,943,558,518,107,171,193,567,361,186,737,389,818,885,739,266,396,585,408,771
,,AUDIENCIA ÚLTIMO PERÍODO DE REVISTAS QUINCENALES,TV y Novelas,269,921,849,217,709,504,823,298,350,534,320,951,953,851,966,514,732,222,816
,,,Cromos,734,501,265,632,516,810,282,604,279,154,162,974,144,320,835,269,848,980,340
,,,Caras,441,721,699,907,159,165,613,870,526,436,635,297,215,827,845,249,699,307,923
,,,Jet Set,844,283,890,100,495,672,120,921,758,909,747,125,696,772,692,944,804,753,203
,,,Vea,168,528,763,717,827,297,192,224,817,607,493,695,490,671,127,877,857,201,341
,,AUDIENCIA ÚLTIMO PERÍODO DE REVISTAS MENSUALES,15 Minutos,678,757,157,214,788,872,101,817,255,125,647,660,132,259,953,185,576,947,307
,,,Fucsia,885,618,902,456,325,386,236,988,433,163,677,457,824,307,340,426,169,494,506
,,AUDIENCIA ÚLTIMO PERÍODO DE REVISTAS DE PRENSA BIMESTRALES,Autos,324,710,772,811,562,904,101,583,680,904,788,664,373,638,388,458,406,618,420
,,,Mi Bebe,385,575,344,842,872,505,818,985,695,421,107,123,707,621,250,956,151,421,805
,,,Gastronomia,567,967,241,854,574,730,909,920,754,860,426,148,271,560,382,788,936,628,818
,,AUDIENCIA ÚLTIMO PERÍODO DE REVISTAS DE PRENSA TRIMESTRALES,Buen Viaje,321,905,561,506,387,765,176,105,308,716,732,555,745,573,355,233,532,348,165
,Tunja,Total,,8540,6445,7938,8816,7399,8306,7728,6631,7797,8807,8033,9245,5874,6205,6878,7204,7464,8797,7427
,,AUDIENCIA DE DIARIOS ÚLTIMO PERÍODO,El Tiempo,875,284,782,894,862,925,361,814,778,529,152,581,229,235,683,801,825,567,260
,,,El Espectador,492,298,779,540,643,394,329,539,601,591,847,821,288,129,489,224,199,816,164
,,AUDIENCIA ÚLTIMO PERÍODO DE REVISTAS SEMANALES,Revista Semana,551,708,580,742,449,925,470,495,462,953,397,823,502,838,229,140,293,847,439
,,AUDIENCIA ÚLTIMO PERÍODO DE REVISTAS QUINCENALES,TV y Novelas,101,709,530,390,691,561,635,685,877,868,590,995,122,139,446,537,830,649,376
,,,Cromos,805,405,249,265,185,404,940,115,608,309,405,238,319,508,130,428,390,387,161
,,,Caras,158,509,867,216,173,724,807,628,695,724,725,358,552,611,986,371,736,781,602
,,,Jet Set,151,220,703,365,659,363,799,554,400,145,716,398,771,533,983,188,135,793,489
,,,Vea,639,287,357,975,588,992,108,307,104,783,600,699,580,336,315,925,875,881,941
,,AUDIENCIA ÚLTIMO PERÍODO DE REVISTAS MENSUALES,15 Minutos,860,907,464,206,616,207,381,654,673,200,905,137,384,200,380,623,418,211,947
,,,Fucsia,915,590,613,975,650,713,806,545,980,831,350,871,526,552,612,690,545,619,751
,,AUDIENCIA ÚLTIMO PERÍODO DE REVISTAS DE PRENSA BIMESTRALES,Autos,631,261,559,830,257,139,962,437,230,862,898,930,404,682,288,453,207,955,442
,,,Mi Bebe,906,617,915,957,744,875,151,339,696,879,423,893,463,340,138,365,932,692,810
,,,Gastronomia,658,113,158,515,553,742,154,329,122,776,877,526,358,355,433,808,518,362,577
,,AUDIENCIA ÚLTIMO PERÍODO DE REVISTAS DE PRENSA TRIMESTRALES,Buen Viaje,798,537,382,946,329,342,825,190,571,357,148,975,376,747,766,651,561,237,468
N.S.E,Bajo Bajo,Total,,9153,8053,8986,9458,7748,8262,7534,6824,5547,7793,8106,7764,7190,7766,6534,7470,6111,7934,7424
,,AUDIENCIA DE DIARIOS ÚLTIMO PERÍODO,El Tiempo,998,978,795,651,646,876,371,653,203,156,801,532,175,540,431,899,516,259,292
,,,El Espectador,184,992,622,151,148,282,684,418,943,195,200,147,253,138,436,221,127,305,798
,,AUDIENCIA ÚLTIMO PERÍODO DE REVISTAS SEMANALES,Revista Semana,851,963,292,783,572,985,349,113,534,126,767,424,703,583,770,147,202,377,964
,,AUDIENCIA ÚLTIMO PERÍODO DE REVISTAS QUINCENALES,TV y Novelas,839,431,900,565,682,879,690,825,662,924,436,523,694,525,634,781,823,912,292
,,,Cromos,445,853,682,155,199,942,175,497,522,906,649,461,659,653,156,247,124,857,839
,,,Caras,446,322,501,556,472,205,117,276,213,598,309,427,637,897,644,868,709,798,932
,,,Jet Set,965,206,376,693,633,583,970,524,316,557,413,273,622,982,126,762,764,634,482
,,,Vea,844,131,826,934,452,696,206,491,102,947,745,971,791,840,756,909,304,769,947
,,AUDIENCIA ÚLTIMO PERÍODO DE REVISTAS MENSUALES,15 Minutos,661,481,907,858,471,288,956,941,587,923,415,781,435,819,916,843,511,702,168
,,,Fucsia,688,875,548,849,872,144,970,174,108,231,859,930,196,709,132,357,283,482,319
,,AUDIENCIA ÚLTIMO PERÍODO DE REVISTAS DE PRENSA BIMESTRALES,Autos,275,553,187,631,720,610,129,517,158,103,828,828,843,389,539,590,699,865,135
,,,Mi Bebe,881,151,615,865,739,415,755,137,711,707,622,741,175,371,517,209,514,486,818
,,,Gastronomia,279,739,738,807,891,994,401,293,221,937,777,160,636,136,193,477,188,384,220
,,AUDIENCIA ÚLTIMO PERÍODO DE REVISTAS DE PRENSA TRIMESTRALES,Buen Viaje,797,378,997,960,251,363,761,965,267,483,285,566,371,184,284,160,347,104,218
,Bajo,Total,,6352,9278,8930,8592,10136,9326,7885,8177,6839,7808,7496,8417,7783,7741,8320,8458,9523,9220,7344
,,AUDIENCIA DE DIARIOS ÚLTIMO PERÍODO,El Tiempo,214,982,957,825,941,343,390,809,893,378,836,648,497,472,789,492,712,522,885
,,,El Espectador,797,789,990,879,949,975,286,545,153,896,523,452,890,738,272,668,116,229,445
,,AUDIENCIA ÚLTIMO PERÍODO DE REVISTAS SEMANALES,Revista Semana,234,337,373,595,720,289,276,552,715,537,752,703,381,536,692,448,800,837,435
,,AUDIENCIA ÚLTIMO PERÍODO DE REVISTAS QUINCENALES,TV y Novelas,811,562,531,853,785,790,106,941,874,825,273,544,885,644,957,967,859,260,742
,,,Cromos,333,814,547,708,891,771,814,422,905,949,299,391,600,900,741,504,985,497,307
,,,Caras,226,575,753,930,534,799,971,334,680,422,907,258,459,384,391,519,588,807,861
,,,Jet Set,191,774,325,336,463,987,964,524,194,643,178,634,725,926,739,309,454,749,577
,,,Vea,669,343,615,918,846,963,722,196,419,460,155,826,833,358,995,908,989,992,460
,,AUDIENCIA ÚLTIMO PERÍODO DE REVISTAS MENSUALES,15 Minutos,534,920,759,399,897,532,626,434,473,345,632,782,674,185,817,466,193,639,773
,,,Fucsia,873,522,457,189,489,901,681,841,124,693,220,391,133,475,887,655,696,424,229
,,AUDIENCIA ÚLTIMO PERÍODO DE REVISTAS DE PRENSA BIMESTRALES,Autos,374,787,737,314,535,234,269,996,688,114,692,713,161,679,345,894,920,866,217
,,,Mi Bebe,537,422,682,963,585,915,251,297,387,359,842,386,425,975,201,193,771,807,315
,,,Gastronomia,167,999,474,291,954,164,910,425,116,295,224,702,792,270,101,772,797,881,931
,,AUDIENCIA ÚLTIMO PERÍODO DE REVISTAS DE PRENSA TRIMESTRALES,Buen Viaje,392,452,730,392,547,663,619,861,218,892,963,987,328,199,393,663,643,710,167
,Medio Bajo,Total,,9195,6343,8000,9844,8144,8675,8904,6958,8451,9036,7414,7372,6403,6950,7498,8219,8865,6684,6246
,,AUDIENCIA DE DIARIOS ÚLTIMO PERÍODO,El Tiempo,474,739,642,612,794,402,325,167,753,942,894,771,337,203,940,488,463,867,359
,,,El Espectador,619,106,159,535,489,983,854,852,992,121,135,202,229,1000,505,263,810,277,853
,,AUDIENCIA ÚLTIMO PERÍODO DE REVISTAS SEMANALES,Revista Semana,511,247,634,704,990,940,974,446,669,411,317,145,272,499,653,663,843,788,285
,,AUDIENCIA ÚLTIMO PERÍODO DE REVISTAS QUINCENALES,TV y Novelas,870,215,883,537,985,352,757,374,888,715,829,495,438,184,794,745,844,107,132
,,,Cromos,319,587,965,774,277,930,897,351,807,989,687,837,545,227,139,297,143,176,875
,,,Caras,647,382,670,973,279,753,723,633,568,931,301,669,925,418,501,317,941,578,177
,,,Jet Set,976,139,295,645,780,151,189,769,194,455,529,726,919,819,108,601,875,476,922
,,,Vea,211,114,555,936,441,808,520,640,909,833,972,494,187,923,502,961,928,132,412
,,AUDIENCIA ÚLTIMO PERÍODO DE REVISTAS MENSUALES,15 Minutos,677,786,153,572,885,335,849,310,178,700,301,129,629,176,421,973,509,258,162
,,,Fucsia,887,711,957,833,709,418,299,104,479,760,851,722,213,797,570,285,253,854,215
,,AUDIENCIA ÚLTIMO PERÍODO DE REVISTAS DE PRENSA BIMESTRALES,Autos,720,238,360,828,742,483,401,612,730,474,784,314,207,154,615,439,839,132,414
,,,Mi Bebe,800,492,956,866,173,410,704,791,424,786,235,829,305,451,725,259,373,754,608
,,,Gastronomia,683,600,294,148,249,817,759,350,701,774,224,921,999,875,778,989,509,766,149
,,AUDIENCIA ÚLTIMO PERÍODO DE REVISTAS DE PRENSA TRIMESTRALES,Buen Viaje,801,987,477,881,351,893,653,559,159,145,355,118,198,224,247,939,535,519,683
,Medio Medio,Total,,6319,7180,7581,4501,7572,9312,4660,8365,8662,7682,7401,8582,8449,7251,8587,6100,7026,8776,9489
,,AUDIENCIA DE DIARIOS ÚLTIMO PERÍODO,El Tiempo,219,771,916,730,516,428,262,583,852,745,113,456,113,465,952,662,283,445,1000
,,,El Espectador,924,620,935,274,524,206,146,490,204,560,223,309,644,145,831,193,889,556,548
,,AUDIENCIA ÚLTIMO PERÍODO DE REVISTAS SEMANALES,Revista Semana,341,201,198,127,944,572,672,265,413,151,962,863,387,610,227,122,863,265,979
,,AUDIENCIA ÚLTIMO PERÍODO DE REVISTAS QUINCENALES,TV y Novelas,455,514,982,513,208,393,444,910,618,919,178,817,597,218,295,541,912,908,649
,,,Cromos,348,838,709,483,851,857,470,930,708,120,183,335,482,337,165,209,435,524,457
,,,Caras,255,450,434,108,414,892,102,658,914,904,491,254,625,651,520,712,396,282,706
,,,Jet Set,166,223,128,292,154,754,350,963,745,310,740,508,852,873,746,635,332,460,405
,,,Vea,634,534,957,729,890,882,239,409,872,597,419,964,816,270,985,425,830,597,661
,,AUDIENCIA ÚLTIMO PERÍODO DE REVISTAS MENSUALES,15 Minutos,728,717,367,102,622,317,809,944,414,315,577,673,671,278,930,582,238,895,806
,,,Fucsia,173,352,824,172,160,765,469,257,156,337,969,774,180,462,251,416,280,719,849
,,AUDIENCIA ÚLTIMO PERÍODO DE REVISTAS DE PRENSA BIMESTRALES,Autos,732,527,158,349,201,672,306,493,840,801,194,992,993,651,421,114,237,597,123
,,,Mi Bebe,481,978,111,179,653,757,118,489,205,552,783,755,642,785,811,154,450,966,856
,,,Gastronomia,351,256,178,222,838,884,106,819,987,824,774,617,737,984,856,845,201,707,860
,,AUDIENCIA ÚLTIMO PERÍODO DE REVISTAS DE PRENSA TRIMESTRALES,Buen Viaje,512,199,684,221,597,933,167,155,734,547,795,265,710,522,597,490,680,855,590
,Medio Alto,Total,,8242,6900,8877,7111,7931,8404,7081,8049,7697,8825,7149,6882,8412,9307,5122,8080,7559,6493,7585
,,AUDIENCIA DE DIARIOS ÚLTIMO PERÍODO,El Tiempo,393,134,365,929,616,799,915,447,751,339,652,687,252,285,427,546,356,127,127
,,,El Espectador,331,240,115,152,987,227,509,748,679,572,628,869,835,933,393,178,833,753,816
,,AUDIENCIA ÚLTIMO PERÍODO DE REVISTAS SEMANALES,Revista Semana,710,952,932,726,914,542,263,487,899,656,268,521,720,925,638,477,256,867,440
,,AUDIENCIA ÚLTIMO PERÍODO DE REVISTAS QUINCENALES,TV y Novelas,325,511,233,332,177,657,209,533,251,865,824,924,734,860,359,440,841,465,826
,,,Cromos,474,386,738,102,342,381,180,559,904,755,205,120,799,133,539,806,211,508,195
,,,Caras,298,128,649,350,553,788,964,994,267,723,618,212,599,939,484,551,169,205,346
,,,Jet Set,759,838,818,566,143,922,357,578,487,795,217,475,319,891,152,534,311,778,537
,,,Vea,881,513,181,780,356,140,752,183,464,110,685,433,837,696,357,562,565,112,365
,,AUDIENCIA ÚLTIMO PERÍODO DE REVISTAS MENSUALES,15 Minutos,292,436,947,707,401,752,478,388,190,810,336,155,285,533,188,605,349,345,663
,,,Fucsia,464,597,809,755,534,788,539,373,647,613,229,874,541,291,537,974,555,410,769
,,AUDIENCIA ÚLTIMO PERÍODO DE REVISTAS DE PRENSA BIMESTRALES,Autos,874,883,594,144,970,984,615,742,572,535,802,328,424,580,323,399,977,102,285
,,,Mi Bebe,922,723,882,221,724,927,211,851,572,914,871,265,705,693,111,161,243,193,947
,,,Gastronomia,676,365,886,761,240,318,361,208,478,984,501,578,720,661,388,869,973,974,305
,,AUDIENCIA ÚLTIMO PERÍODO DE REVISTAS DE PRENSA TRIMESTRALES,Buen Viaje,843,194,728,586,974,179,728,958,536,154,313,441,642,887,226,978,920,654,964
,Alto,Total,,7084,6118,8714,7540,7295,7964,7591,8072,9555,6939,7945,8684,8325,7994,7180,6902,8281,6063,6360
,,AUDIENCIA DE DIARIOS ÚLTIMO PERÍODO,El Tiempo,301,246,892,766,237,959,225,257,994,322,661,838,364,322,178,721,806,625,310
,,,El Espectador,1000,365,796,661,448,782,445,692,771,441,533,956,947,152,888,315,213,192,617
,,AUDIENCIA ÚLTIMO PERÍODO DE REVISTAS SEMANALES,Revista Semana,137,585,124,682,898,110,380,284,741,270,155,693,263,460,936,901,971,122,665
,,AUDIENCIA ÚLTIMO PERÍODO DE REVISTAS QUINCENALES,TV y Novelas,932,448,315,136,919,392,934,652,778,950,777,762,888,708,329,985,105,643,782
,,,Cromos,635,194,722,496,361,784,338,232,835,176,938,486,840,874,523,142,753,289,517
,,,Caras,695,756,930,578,579,201,992,709,951,197,151,885,422,828,728,398,512,441,137
,,,Jet Set,756,110,916,543,286,865,793,690,738,725,709,156,387,490,184,221,690,367,518
,,,Vea,494,515,458,660,820,846,252,882,480,917,504,211,548,635,298,530,208,747,376
,,AUDIENCIA ÚLTIMO PERÍODO DE REVISTAS MENSUALES,15 Minutos,139,451,437,981,574,157,595,785,376,530,643,255,408,554,566,605,964,137,752
,,,Fucsia,477,222,944,631,438,826,987,293,409,236,959,948,615,462,727,412,920,194,178
,,AUDIENCIA ÚLTIMO PERÍODO DE REVISTAS DE PRENSA BIMESTRALES,Autos,131,436,430,140,674,351,394,914,460,677,548,914,989,703,971,591,867,717,140
,,,Mi Bebe,779,422,186,430,358,774,631,484,903,390,469,479,444,782,173,409,559,790,541
,,,Gastronomia,301,972,758,272,383,749,456,852,382,742,518,826,626,336,557,485,248,607,100
,,AUDIENCIA ÚLTIMO PERÍODO DE REVISTAS DE PRENSA TRIMESTRALES,Buen Viaje,307,396,806,564,320,168,169,346,737,366,380,275,584,688,122,187,465,192,727
S E X O,Hombre,Total,,6799,9299,8835,6057,7451,9018,8130,8940,7823,7287,7966,7440,8731,8385,8776,8519,7677,6092,7657
,,AUDIENCIA DE DIARIOS ÚLTIMO PERÍODO,El Tiempo,977,431,683,167,593,149,475,791,298,247,375,525,576,632,149,153,565,387,486
,,,El Espectador,271,711,974,313,541,318,927,912,920,218,453,669,509,676,868,249,720,230,215
,,AUDIENCIA ÚLTIMO PERÍODO DE REVISTAS SEMANALES,Revista Semana,651,459,946,563,257,812,707,924,494,603,915,837,628,392,828,814,487,330,587
,,AUDIENCIA ÚLTIMO PERÍODO DE REVISTAS QUINCENALES,TV y Novelas,838,797,959,201,312,965,806,578,295,854,322,292,855,957,284,360,271,530,848
,,,Cromos,294,833,763,421,374,784,131,390,693,688,353,327,514,146,459,929,882,709,366
,,,Caras,755,882,993,145,376,827,616,682,446,181,868,106,389,515,546,880,616,504,343
,,,Jet Set,935,967,429,899,251,178,756,619,335,730,449,898,618,784,281,889,963,634,395
,,,Vea,116,101,648,186,601,249,817,687,912,746,348,553,959,525,910,295,352,707,918
,,AUDIENCIA ÚLTIMO PERÍODO DE REVISTAS MENSUALES,15 Minutos,201,214,400,744,996,939,179,274,646,857,938,665,944,667,944,950,468,275,517
,,,Fucsia,115,786,105,963,442,701,509,153,642,210,890,418,566,964,538,934,966,152,509
,,AUDIENCIA ÚLTIMO PERÍODO DE REVISTAS DE PRENSA BIMESTRALES,Autos,372,953,377,148,436,623,707,546,539,455,369,742,410,989,922,408,570,657,561
,,,Mi Bebe,356,808,930,771,677,922,961,905,686,280,227,519,623,369,934,403,283,227,308
,,,Gastronomia,732,438,374,118,957,700,385,550,576,998,524,355,332,466,888,269,357,621,996
,,AUDIENCIA ÚLTIMO PERÍODO DE REVISTAS DE PRENSA TRIMESTRALES,Buen Viaje,186,919,254,418,638,851,154,929,341,220,935,534,808,303,225,986,177,129,608
,Mujer,Total,,9828,8437,8199,7514,6806,9456,9480,8399,8682,8644,8654,6199,7509,7011,8360,7130,8513,7581,7416
,,AUDIENCIA DE DIARIOS ÚLTIMO PERÍODO,El Tiempo,918,275,830,126,126,751,878,946,571,345,942,484,551,209,709,778,676,742,827
,,,El Espectador,982,440,628,755,417,949,789,214,406,951,523,510,919,418,924,313,573,116,563
,,AUDIENCIA ÚLTIMO PERÍODO DE REVISTAS SEMANALES,Revista Semana,838,597,984,468,402,548,357,876,769,754,872,210,362,936,502,349,289,447,158
,,AUDIENCIA ÚLTIMO PERÍODO DE REVISTAS QUINCENALES,TV y Novelas,353,975,665,833,868,967,397,740,509,368,486,426,435,400,543,208,972,838,771
,,,Cromos,805,262,279,845,328,872,709,838,863,334,786,885,288,392,974,625,850,833,117
,,,Caras,892,269,456,219,123,168,355,547,196,917,751,989,821,259,909,375,989,547,527
,,,Jet Set,877,725,872,989,965,654,841,461,718,120,111,184,521,490,238,181,674,137,866
,,,Vea,879,584,268,563,155,183,723,480,220,194,844,110,628,304,204,490,312,662,621
,,AUDIENCIA ÚLTIMO PERÍODO DE REVISTAS MENSUALES,15 Minutos,994,710,623,226,951,885,729,730,696,793,900,531,758,481,967,510,254,468,275
,,,Fucsia,164,362,371,756,591,782,523,234,839,859,624,353,378,674,301,615,483,458,734
,,AUDIENCIA ÚLTIMO PERÍODO DE REVISTAS DE PRENSA BIMESTRALES,Autos,929,606,776,203,847,972,1000,559,738,736,127,879,549,899,711,667,339,186,939
,,,Mi Bebe,874,918,581,547,440,377,605,710,747,317,512,142,242,725,371,569,555,993,108
,,,Gastronomia,121,778,582,467,334,778,862,340,886,978,778,142,769,222,501,523,695,733,713
,,AUDIENCIA ÚLTIMO PERÍODO DE REVISTAS DE PRENSA TRIMESTRALES,Buen Viaje,202,936,284,517,259,570,712,724,524,978,398,354,288,602,506,927,852,421,197
EDAD (5 en 5),12 a 17,Total,,7172,7225,7977,8561,7441,6311,10088,8309,8164,8475,9133,6578,7909,7079,8439,8321,9105,8592,5978
,,AUDIENCIA DE DIARIOS ÚLTIMO PERÍODO,El Tiempo,263,703,183,412,459,721,900,203,711,195,458,672,438,324,606,631,696,313,194
,,,El Espectador,105,565,255,912,870,211,651,737,896,934,952,328,578,291,660,596,990,460,155
,,AUDIENCIA ÚLTIMO PERÍODO DE REVISTAS SEMANALES,Revista Semana,916,209,429,353,570,354,967,945,334,910,866,757,894,152,810,215,287,315,768
,,AUDIENCIA ÚLTIMO PERÍODO DE REVISTAS QUINCENALES,TV y Novelas,783,119,703,787,843,182,713,942,740,851,819,339,532,515,312,326,554,960,309
,,,Cromos,594,517,967,888,253,500,991,768,324,985,604,777,703,688,225,574,580,489,265
,,,Caras,108,616,417,827,525,805,613,744,762,587,901,324,954,354,813,241,721,890,216
,,,Jet Set,636,308,684,501,314,176,830,385,439,586,573,336,430,762,924,138,990,599,757
,,,Vea,231,602,348,648,945,901,789,828,471,385,296,431,377,925,639,939,802,970,134
,,AUDIENCIA ÚLTIMO PERÍODO DE REVISTAS MENSUALES,15 Minutos,336,705,496,547,178,569,980,972,217,848,535,207,550,760,532,958,636,317,578
,,,Fucsia,580,688,946,953,739,415,898,760,976,246,998,800,350,520,122,769,393,946,756
,,AUDIENCIA ÚLTIMO PERÍODO DE REVISTAS DE PRENSA BIMESTRALES,Autos,455,277,690,650,338,121,287,247,285,470,234,257,614,904,276,775,405,852,844
,,,Mi Bebe,754,882,532,565,581,400,842,311,448,141,781,227,128,127,969,918,281,859,260
,,,Gastronomia,573,832,519,156,584,119,279,252,620,695,609,305,961,415,935,638,774,418,491
,,AUDIENCIA ÚLTIMO PERÍODO DE REVISTAS DE PRENSA TRIMESTRALES,Buen Viaje,838,202,808,362,242,837,348,215,941,642,507,818,400,342,616,603,996,204,251
,18 a 24,Total,,7652,6600,7834,7235,8384,8788,7247,5949,6726,7980,9543,6577,8068,6262,7893,7789,6999,7623,8582
,,AUDIENCIA DE DIARIOS ÚLTIMO PERÍODO,El Tiempo,264,226,488,412,801,559,154,119,496,806,963,337,179,148,542,810,791,514,510
,,,El Espectador,500,441,744,429,183,623,576,628,417,933,181,432,273,755,977,827,545,816,579
,,AUDIENCIA ÚLTIMO PERÍODO DE REVISTAS SEMANALES,Revista Semana,884,166,854,137,409,445,963,311,719,181,981,670,305,1000,520,282,699,817,337
,,AUDIENCIA ÚLTIMO PERÍODO DE REVISTAS QUINCENALES,TV y Novelas,326,287,349,239,201,960,508,131,750,927,267,538,377,181,981,131,189,155,786
,,,Cromos,844,537,127,444,878,550,281,272,432,556,638,266,915,981,387,588,598,405,865
,,,Caras,565,748,749,499,828,499,366,396,289,683,836,444,244,649,609,318,111,759,555
,,,Jet Set,991,219,204,973,357,344,459,704,229,281,597,617,848,164,584,822,495,204,241
,,,Vea,508,387,631,444,967,845,454,693,376,644,912,336,857,316,491,771,444,765,856
,,AUDIENCIA ÚLTIMO PERÍODO DE REVISTAS MENSUALES,15 Minutos,149,247,817,107,938,785,675,468,400,536,898,718,388,129,382,639,380,341,703
,,,Fucsia,389,405,469,598,188,966,503,298,371,696,875,396,861,228,672,529,711,273,581
,,AUDIENCIA ÚLTIMO PERÍODO DE REVISTAS DE PRENSA BIMESTRALES,Autos,619,845,886,980,919,182,610,968,627,389,700,427,755,609,249,464,425,953,576
,,,Mi Bebe,655,893,465,934,280,539,463,117,273,213,593,459,877,134,636,803,747,822,829
,,,Gastronomia,528,645,735,751,955,818,759,122,407,836,447,276,433,488,245,225,549,576,991
,,AUDIENCIA ÚLTIMO PERÍODO DE REVISTAS DE PRENSA TRIMESTRALES,Buen Viaje,430,554,316,288,480,673,476,722,940,299,655,661,756,480,618,580,315,223,173
,25 a 34,Total,,8880,7313,7966,7399,6455,7840,7225,7324,9325,8287,8647,6153,7776,9058,7035,6966,7039,8709,8795
,,AUDIENCIA DE DIARIOS ÚLTIMO PERÍODO,El Tiempo,304,118,545,408,627,618,626,530,943,887,960,240,951,794,505,322,333,540,982
,,,El Espectador,484,611,522,806,414,860,749,399,941,724,418,741,591,867,151,867,233,941,237
,,AUDIENCIA ÚLTIMO PERÍODO DE REVISTAS SEMANALES,Revista Semana,339,541,370,853,129,926,981,518,979,761,144,969,351,794,507,954,570,491,504
,,AUDIENCIA ÚLTIMO PERÍODO DE REVISTAS QUINCENALES,TV y Novelas,935,245,984,313,110,335,210,447,300,734,558,284,593,341,861,287,676,774,346
,,,Cromos,493,676,774,158,123,790,597,318,221,159,491,234,514,950,189,151,380,707,681
,,,Caras,950,778,793,278,733,997,380,198,647,882,737,329,158,918,106,328,556,446,642
,,,Jet Set,546,206,248,114,458,188,240,565,854,423,840,107,675,284,738,977,836,959,703
,,,Vea,506,603,640,461,707,655,338,984,967,620,975,292,123,381,764,702,999,637,306
,,AUDIENCIA ÚLTIMO PERÍODO DE REVISTAS MENSUALES,15 Minutos,729,835,102,424,403,297,416,939,122,123,654,439,985,843,623,197,150,325,358
,,,Fucsia,823,945,763,783,419,132,880,797,927,160,962,392,281,671,886,252,426,163,803
,,AUDIENCIA ÚLTIMO PERÍODO DE REVISTAS DE PRENSA BIMESTRALES,Autos,897,251,190,760,966,370,846,741,564,881,645,766,366,842,130,320,852,655,874
,,,Mi Bebe,301,969,381,735,918,602,196,278,842,601,266,212,949,321,826,618,307,763,984
,,,Gastronomia,598,116,799,728,209,448,334,122,336,612,550,653,767,803,206,805,225,687,619
,,AUDIENCIA ÚLTIMO PERÍODO DE REVISTAS DE PRENSA TRIMESTRALES,Buen Viaje,975,419,855,578,239,622,432,488,682,720,447,495,472,249,543,186,496,621,756
,35 a 44,Total,,8471,8033,8048,8032,6315,7186,7262,5254,9327,8066,6888,7766,8187,7824,6865,8360,8045,7553,6438
,,AUDIENCIA DE DIARIOS ÚLTIMO PERÍODO,El Tiempo,486,317,581,510,248,416,194,320,465,413,159,345,979,298,636,575,987,454,384
,,,El Espectador,603,570,945,897,113,128,924,671,839,369,213,327,521,793,876,167,766,783,491
,,AUDIENCIA ÚLTIMO PERÍODO DE REVISTAS SEMANALES,Revista Semana,858,781,359,565,817,129,200,426,654,642,136,185,926,966,422,926,852,499,246
,,AUDIENCIA ÚLTIMO PERÍODO DE REVISTAS QUINCENALES,TV y Novelas,501,868,851,557,288,874,520,217,966,288,389,511,406,428,224,668,817,176,620
,,,Cromos,520,955,529,629,251,173,706,471,598,679,871,784,745,669,295,341,543,878,373
,,,Caras,813,580,579,210,186,578,103,389,135,154,257,755,199,178,407,878,114,588,128
,,,Jet Set,549,292,299,635,412,348,334,458,503,242,871,930,854,953,527,337,690,280,759
,,,Vea,501,187,791,712,774,840,705,335,982,914,832,681,837,755,389,146,706,847,523
,,AUDIENCIA ÚLTIMO PERÍODO DE REVISTAS MENSUALES,15 Minutos,801,759,116,147,590,218,960,178,850,878,592,336,736,241,777,804,262,127,385
,,,Fucsia,523,502,937,562,726,581,279,235,914,573,431,790,554,319,709,693,448,288,639
,,AUDIENCIA ÚLTIMO PERÍODO DE REVISTAS DE PRENSA BIMESTRALES,Autos,681,994,967,929,930,868,597,384,825,829,234,341,454,570,216,915,721,881,208
,,,Mi Bebe,676,291,420,314,204,378,304,128,472,975,843,774,640,490,185,658,290,875,546
,,,Gastronomia,592,406,266,947,398,665,541,276,852,330,475,102,127,553,796,653,561,290,400
,,AUDIENCIA ÚLTIMO PERÍODO DE REVISTAS DE PRENSA TRIMESTRALES,Buen Viaje,367,531,408,418,378,990,895,766,272,780,585,905,209,611,406,599,288,587,736
,45 a 54,Total,,7572,8280,6565,7547,7798,6697,7880,8684,6968,7478,6142,8008,8378,6414,8607,8589,6606,6945,9163
,,AUDIENCIA DE DIARIOS ÚLTIMO PERÍODO,El Tiempo,460,668,933,969,726,859,403,585,479,738,632,320,318,120,648,745,307,272,918
,,,El Espectador,650,739,205,127,811,319,937,434,946,184,456,178,123,149,919,866,979,482,899
,,AUDIENCIA ÚLTIMO PERÍODO DE REVISTAS SEMANALES,Revista Semana,965,839,648,242,109,411,723,600,831,462,656,584,298,183,923,920,908,537,489
,,AUDIENCIA ÚLTIMO PERÍODO DE REVISTAS QUINCENALES,TV y Novelas,190,504,261,222,580,399,121,959,670,363,154,838,553,938,811,277,654,371,929
,,,Cromos,145,446,108,201,696,791,315,940,297,465,349,163,878,430,610,622,252,726,176
,,,Caras,771,224,361,662,313,653,381,380,170,590,221,343,675,848,222,625,794,101,995
,,,Jet Set,702,477,176,636,174,464,558,441,252,145,422,491,369,908,966,254,318,358,968
,,,Vea,985,581,457,978,1000,841,353,983,828,738,554,776,906,394,535,207,226,967,138
,,AUDIENCIA ÚLTIMO PERÍODO DE REVISTAS MENSUALES,15 Minutos,852,691,655,886,702,697,911,101,239,681,367,818,700,439,363,969,279,846,528
,,,Fucsia,433,752,528,610,988,270,940,856,177,341,850,647,833,178,264,225,950,434,209
,,AUDIENCIA ÚLTIMO PERÍODO DE REVISTAS DE PRENSA BIMESTRALES,Autos,223,290,463,429,287,126,308,822,121,646,141,876,521,204,760,613,146,769,570
,,,Mi Bebe,595,685,727,262,980,320,593,638,646,338,739,746,727,247,736,886,487,117,679
,,,Gastronomia,318,480,630,581,329,116,419,557,854,922,384,316,677,692,518,979,168,602,738
,,AUDIENCIA ÚLTIMO PERÍODO DE REVISTAS DE PRENSA TRIMESTRALES,Buen Viaje,283,904,413,742,103,431,918,388,458,865,217,912,800,684,332,401,138,363,927
,55 a 64,Total,,8483,6519,9261,5956,6898,8491,7343,7916,6785,7188,5857,5902,6941,8154,8961,6799,7211,5809,7947
,,AUDIENCIA DE DIARIOS ÚLTIMO PERÍODO,El Tiempo,256,708,860,514,258,550,819,764,183,688,653,630,183,436,743,599,319,186,445
,,,El Espectador,353,116,722,621,537,805,142,523,153,233,561,735,918,576,793,431,649,328,854
,,AUDIENCIA ÚLTIMO PERÍODO DE REVISTAS SEMANALES,Revista Semana,527,127,427,241,349,889,515,627,468,481,334,147,181,707,798,675,780,929,487
,,AUDIENCIA ÚLTIMO PERÍODO DE REVISTAS QUINCENALES,TV y Novelas,351,866,873,115,537,868,837,684,833,284,620,516,133,966,335,102,558,733,155
,,,Cromos,751,901,454,152,711,577,152,468,935,424,325,193,938,241,936,738,487,255,381
,,,Caras,696,240,208,530,344,672,156,600,127,750,144,182,110,778,964,100,411,526,114
,,,Jet Set,390,262,585,464,220,934,176,235,731,703,369,460,248,840,274,994,982,597,507
,,,Vea,899,881,651,743,762,676,836,200,518,543,329,392,498,367,389,518,571,270,869
,,AUDIENCIA ÚLTIMO PERÍODO DE REVISTAS MENSUALES,15 Minutos,183,250,697,128,321,626,645,933,143,724,123,162,371,886,502,312,329,201,544
,,,Fucsia,929,300,686,490,571,624,718,406,322,969,613,199,623,166,591,586,134,682,851
,,AUDIENCIA ÚLTIMO PERÍODO DE REVISTAS DE PRENSA BIMESTRALES,Autos,938,591,761,478,520,381,522,295,949,241,145,544,781,678,823,595,423,334,808
,,,Mi Bebe,986,475,921,415,746,501,302,759,293,564,411,876,638,252,697,311,441,363,824
,,,Gastronomia,758,448,898,263,732,283,862,918,142,228,515,398,844,267,883,172,882,294,539
,,AUDIENCIA ÚLTIMO PERÍODO DE REVISTAS DE PRENSA TRIMESTRALES,Buen Viaje,466,354,518,802,290,105,661,504,988,356,715,468,475,994,233,666,245,111,569
,65 y más,Total,,8479,9256,9518,7968,8798,8333,7283,7753,6463,8644,8633,8628,7845,7249,8332,8873,6454,6864,8156
,,AUDIENCIA DE DIARIOS ÚLTIMO PERÍODO,El Tiempo,250,969,322,443,810,610,605,907,270,245,866,521,164,189,723,901,945,592,347
,,,El Espectador,545,879,956,572,983,232,125,618,921,480,133,220,853,663,901,267,910,439,468
,,AUDIENCIA ÚLTIMO PERÍODO DE REVISTAS SEMANALES,Revista Semana,884,124,958,520,238,564,886,305,413,597,847,809,977,414,475,233,882,498,932
,,AUDIENCIA ÚLTIMO PERÍODO DE REVISTAS QUINCENALES,TV y Novelas,986,572,566,476,451,944,678,285,121,793,643,423,939,163,309,699,671,127,783
,,,Cromos,683,684,851,968,838,367,323,683,952,849,199,796,862,710,160,697,182,928,327
,,,Caras,716,327,743,961,896,702,548,694,238,148,348,511,106,980,385,464,864,400,823
,,,Jet Set,524,454,726,348,245,688,680,970,362,691,951,439,571,192,812,825,116,396,780
,,,Vea,589,634,556,365,727,755,238,941,468,887,476,479,231,994,883,805,234,528,881
,,AUDIENCIA ÚLTIMO PERÍODO DE REVISTAS MENSUALES,15 Minutos,753,906,939,105,892,152,160,414,283,854,973,683,220,405,790,969,238,880,627
,,,Fucsia,456,772,562,756,847,772,694,361,192,653,633,989,495,325,378,941,298,797,306
,,AUDIENCIA ÚLTIMO PERÍODO DE REVISTAS DE PRENSA BIMESTRALES,Autos,846,594,587,803,297,973,830,404,939,782,298,799,696,264,507,202,383,403,131
,,,Mi Bebe,206,983,825,251,495,882,563,204,407,381,702,873,729,874,827,630,404,386,474
,,,Gastronomia,247,529,689,429,424,173,330,599,265,377,780,334,525,900,555,917,197,309,852
,,AUDIENCIA ÚLTIMO PERÍODO DE REVISTAS DE PRENSA TRIMESTRALES,Buen Viaje,794,829,238,971,655,519,623,368,632,907,784,752,477,176,627,323,130,181,425
Total,,Total,,8257,7267,7675,7894,7963,9627,6891,7675,7356,7699,7321,8767,9044,6917,6694,7547,7013,8349,5060
,,AUDIENCIA DE DIARIOS ÚLTIMO PERÍODO,El Tiempo,834,972,893,815,267,772,203,555,159,799,501,655,505,405,448,750,445,959,353
,,,El Espectador,827,920,381,532,945,592,625,170,356,392,859,345,306,884,175,516,673,722,125
,,AUDIENCIA ÚLTIMO PERÍODO DE REVISTAS SEMANALES,Revista Semana,668,158,275,158,925,392,630,984,952,722,375,267,250,279,291,928,206,290,487
,,AUDIENCIA ÚLTIMO PERÍODO DE REVISTAS QUINCENALES,TV y Novelas,514,665,503,631,179,983,394,311,185,519,206,574,963,687,725,235,766,807,268
,,,Cromos,568,476,921,116,425,851,349,586,935,217,638,941,669,362,760,277,548,255,132
,,,Caras,515,536,524,405,567,320,197,338,863,789,369,680,832,617,975,658,568,199,236
,,,Jet Set,189,423,299,678,514,995,348,494,734,373,822,613,920,489,853,814,450,772,150
,,,Vea,650,277,402,815,423,836,845,500,421,942,161,550,760,920,155,217,263,890,593
,,AUDIENCIA ÚLTIMO PERÍODO DE REVISTAS MENSUALES,15 Minutos,867,700,289,810,806,832,995,838,545,137,754,561,366,117,676,398,105,866,278
,,,Fucsia,257,179,628,899,846,940,352,787,114,349,592,970,667,182,173,769,294,727,727
,,AUDIENCIA ÚLTIMO PERÍODO DE REVISTAS DE PRENSA BIMESTRALES,Autos,572,459,684,631,304,243,799,476,936,436,361,555,877,844,607,285,230,635,190
,,,Mi Bebe,467,132,979,234,753,240,142,151,222,269,921,544,698,415,383,541,640,443,510
,,,Gastronomia,519,744,433,948,514,809,250,927,619,929,357,624,687,191,159,962,834,191,170
,,AUDIENCIA ÚLTIMO PERÍODO DE REVISTAS DE PRENSA TRIMESTRALES,Buen Viaje,810,626,464,222,495,822,762,558,315,826,405,888,544,525,314,197,991,593,841
